Workbook

Sheet 基线
K1: 视力眼压 | N1: 散瞳验光 | T1: 对比敏感度
A2: id | B2: 到诊时间 | C2: 就诊门店 | D2: 姓名 | E2: 性别 | F2: 出生日期 | G2: 患者编号 | H2: 组别 | I2: 标签 | J2: 眼别 | K2: 裸眼远视力 | L2: 戴镜远视力 | M2: 裸眼近视力 | N2: 散瞳验光球镜 | O2: 散瞳验光柱镜 | P2: 散瞳验光轴位 | Q2: 散瞳验光等效球镜 | R2: 主视眼 | S2: 基线眼轴 | T2: A-3CPD | U2: B-6CPD | V2: C-12CPD | W2: D-18CPD
A3: ba483a9b-49d1-4937-abe3-c769465e9da1 | B3: 45577.007 | C3: 石家庄人民眼科 | D3: 张茗尘 | E3: 女 | F3: 41695 | G3: SJZ-GS-001 | H3: B | I3: 取镜 | J3: 右眼 | K3: 0.6 | L3: 1 | M3: 1 | N3: -0.5 | O3: -0.75 | P3: 170 | Q3: =N3+0.5*O3 -> -0.875 | R3: 右眼 | S3: 23.68 | T3: 170 | U3: 170 | V3: 100 | W3: 6
A4: ba483a9b-49d1-4937-abe3-c769465e9da1 | B4: 45577.007 | C4: 石家庄人民眼科 | H4: B | J4: 左眼 | K4: 0.5 | L4: 1 | M4: 1 | N4: -1.25 | O4: -0.75 | P4: 180 | Q4: =N4+0.5*O4 -> -1.625 | S4: 23.8 | T4: 170 | U4: 120 | V4: 60 | W4: 6
A5: f80c3992-759e-4c62-a732-cfb7922ce1e1 | B5: 45558.006 | C5: 石家庄人民眼科 | D5: 康安迪 | E5: 男 | F5: 42452 | G5: SJZ-GS-002 | H5: D | I5: 取镜 | J5: 右眼 | K5: 0.4 | L5: 1 | M5: 1 | N5: -0.75 | O5: -0.5 | P5: 25 | Q5: =N5+0.5*O5 -> -1 | R5: 右眼 | S5: 23.27 | T5: 170 | U5: 170 | V5: 100 | W5: 6
A6: f80c3992-759e-4c62-a732-cfb7922ce1e1 | B6: 45558.006 | C6: 石家庄人民眼科 | H6: D | J6: 左眼 | K6: 0.3 | L6: 1 | M6: 1 | N6: -1.5 | O6: 0 | P6: 0 | Q6: =N6+0.5*O6 -> -1.5 | S6: 23.61 | T6: 170 | U6: 170 | V6: 80 | W6: 24
A7: 6348836d-229d-45ab-a04a-396b558f46f0 | B7: 45570.007 | C7: 石家庄人民眼科 | D7: 李参炜 | E7: 男 | F7: 41383 | G7: SJZ-GS-003 | H7: B | I7: 取镜 | J7: 右眼 | K7: 0.5 | L7: 1 | M7: 1 | N7: -3.25 | O7: -0.75 | P7: 160 | Q7: =N7+0.5*O7 -> -3.625 | R7: 右眼 | S7: 24.57 | T7: 170 | U7: 170 | V7: 60 | W7: 15
A8: 6348836d-229d-45ab-a04a-396b558f46f0 | B8: 45570.007 | C8: 石家庄人民眼科 | H8: B | J8: 左眼 | K8: 0.5 | L8: 1 | M8: 1 | N8: -3.5 | O8: -0.75 | P8: 10 | Q8: =N8+0.5*O8 -> -3.875 | S8: 24.69 | T8: 170 | U8: 170 | V8: 60 | W8: 6
B9: 45604 | C9: 石家庄人民眼科 | D9: 王锦天 | E9: 男 | F9: 41579 | G9: SJZ-GS-004 | H9: A | I9: 取镜 | J9: 右眼 | K9: 0.2 | L9: 1 | M9: 1 | N9: -2.5 | O9: -0.5 | P9: 5 | Q9: =N9+0.5*O9 -> -2.75 | R9: 右眼 | S9: 23.64 | T9: 170 | U9: 120 | V9: 80 | W9: 6
C10: 石家庄人民眼科 | H10: A | J10: 左眼 | K10: 0.2 | L10: 1 | M10: 1 | N10: -2.75 | O10: -0.75 | P10: 150 | Q10: =N10+0.5*O10 -> -3.125 | S10: 23.76 | T10: 170 | U10: 170 | V10: 120 | W10: 24
B11: 45604 | C11: 石家庄人民眼科 | D11: 徐乐心 | E11: 男 | F11: 41504 | G11: SJZ-GS-005 | H11: C | I11: 取镜 | J11: 右眼 | K11: 0.15 | L11: 1 | M11: 1 | N11: -2.5 | O11: -0.75 | P11: 165 | Q11: =N11+0.5*O11 -> -2.875 | R11: 左眼 | S11: 25.29 | T11: 170 | U11: 170 | V11: 80 | W11: 24
C12: 石家庄人民眼科 | H12: C | J12: 左眼 | K12: 0.25 | L12: 1 | M12: 1 | N12: -2.75 | Q12: =N12+0.5*O12 -> -2.75 | S12: 25.48 | T12: 170 | U12: 170 | V12: 80 | W12: 6
B13: 45604 | C13: 石家庄人民眼科 | D13: 徐乐成 | E13: 男 | F13: 41504 | G13: SJZ-GS-006 | H13: A | I13: 取镜 | J13: 右眼 | K13: 0.2 | L13: 1 | M13: 1 | N13: -3 | O13: -0.75 | P13: 170 | Q13: =N13+0.5*O13 -> -3.375 | R13: 右眼 | S13: 25.43 | T13: 170 | U13: 170 | V13: 100 | W13: 24
C14: 石家庄人民眼科 | H14: A | J14: 左眼 | K14: 0.2 | L14: 1 | M14: 1 | N14: -2.75 | O14: -0.5 | P14: 5 | Q14: =N14+0.5*O14 -> -3 | S14: 25.24 | T14: 170 | U14: 170 | V14: 80 | W14: 6
B15: 45984 | C15: 石家庄人民眼科 | D15: 张楚尧 | E15: 男 | F15: 41966 | G15: SJZ-GS-007 | H15: D | I15: 取镜 | J15: 右眼 | K15: 0.3 | L15: 1 | M15: 1 | N15: -2 | O15: 0 | P15: 0 | Q15: =N15+0.5*O15 -> -2 | R15: 右眼 | S15: 24.92 | T15: 170 | U15: 170 | V15: 45 | W15: 4
C16: 石家庄人民眼科 | H16: D | J16: 左眼 | K16: 0.3 | L16: 1 | M16: 1 | N16: -2 | O16: -0.5 | P16: 155 | Q16: =N16+0.5*O16 -> -2.25 | S16: 25.2 | T16: 170 | U16: 170 | V16: 45 | W16: 6
B17: 45619 | C17: 石家庄人民眼科 | D17: 张海冰 | E17: 男 | F17: 41306 | G17: SJZ-GS-008 | H17: D | I17: 取镜 | J17: 右眼 | K17: 0.8 | L17: 1 | M17: 1 | N17: -0.5 | O17: -1.25 | P17: 170 | Q17: =N17+0.5*O17 -> -1.125 | R17: 右眼 | S17: 23.42 | T17: 170 | U17: 170 | V17: 80 | W17: 6
C18: 石家庄人民眼科 | H18: D | J18: 左眼 | K18: 0.8 | L18: 1 | M18: 1 | N18: -0.25 | O18: -1.25 | P18: 5 | Q18: =N18+0.5*O18 -> -0.875 | S18: 23.21 | T18: 170 | U18: 170 | V18: 60 | W18: 4
B19: 45634 | C19: 石家庄人民眼科 | D19: 李文晴 | E19: 女 | F19: 42299 | G19: SJZ-GS-009 | H19: C | I19: 取镜 | J19: 右眼 | K19: 0.5 | L19: 1 | M19: 1 | N19: -1.25 | O19: -0.25 | P19: 170 | Q19: =N19+0.5*O19 -> -1.375 | R19: 右眼 | S19: 24.03 | T19: 170 | U19: 170 | V19: 60 | W19: 6
C20: 石家庄人民眼科 | H20: C | J20: 左眼 | K20: 0.6 | L20: 1 | M20: 1 | N20: -0.75 | O20: -0.25 | P20: 165 | Q20: =N20+0.5*O20 -> -0.875 | S20: 23.99 | T20: 170 | U20: 170 | V20: 45 | W20: 6
B21: 45626 | C21: 石家庄人民眼科 | D21: 王可妍 | E21: 女 | F21: 40620 | G21: SJZ-GS-010 | H21: D | I21: 取镜 | J21: 右眼 | K21: 0.12 | L21: 1 | M21: 1 | N21: -3 | O21: -0.5 | P21: 170 | Q21: =N21+0.5*O21 -> -3.25 | R21: 右眼 | S21: 25.34 | T21: 170 | U21: 170 | V21: 60 | W21: 24
C22: 石家庄人民眼科 | H22: D | J22: 左眼 | K22: 0.12 | L22: 1 | M22: 1 | N22: -3 | O22: -0.5 | P22: 175 | Q22: =N22+0.5*O22 -> -3.25 | S22: 25.12 | T22: 170 | U22: 170 | V22: 80 | W22: 6
B23: 45626 | C23: 石家庄人民眼科 | D23: 檀沐析 | E23: 男 | F23: 42553 | G23: SJZ-GS-011 | H23: D | I23: 取镜 | J23: 右眼 | K23: 0.6 | L23: 1 | M23: 1 | N23: -1.5 | O23: -1.5 | P23: 180 | Q23: =N23+0.5*O23 -> -2.25 | R23: 右眼 | S23: 24.6 | T23: 170 | U23: 170 | V23: 80 | W23: 6
C24: 石家庄人民眼科 | H24: D | J24: 左眼 | K24: 0.4 | L24: 1 | M24: 1 | N24: -1.5 | O24: -1.5 | P24: 5 | Q24: =N24+0.5*O24 -> -2.25 | S24: 24.75 | T24: 170 | U24: 170 | V24: 80 | W24: 6
B25: 45626 | C25: 石家庄人民眼科 | D25: 李昭旭 | E25: 男 | F25: 42755 | G25: SJZ-GS-012 | H25: B | I25: 取镜 | J25: 右眼 | K25: 0.5 | L25: 1 | M25: 1 | N25: -1.75 | O25: -0.25 | P25: 175 | Q25: =N25+0.5*O25 -> -1.875 | R25: 左眼 | S25: 24.09 | T25: 170 | U25: 170 | V25: 60 | W25: 8
C26: 石家庄人民眼科 | H26: B | J26: 左眼 | K26: 0.5 | L26: 1 | M26: 1 | N26: -1.75 | O26: -0.5 | P26: 165 | Q26: =N26+0.5*O26 -> -2 | S26: 24.24 | T26: 170 | U26: 170 | V26: 60 | W26: 6
B27: 45647 | C27: 石家庄人民眼科 | D27: 温心语 | E27: 女 | F27: 43135 | G27: SJZ-GS-013 | H27: B | I27: 取镜 | J27: 右眼 | K27: 0.6 | L27: 1 | M27: 1 | N27: -1 | Q27: =N27+0.5*O27 -> -1 | R27: 右眼 | S27: 23.24 | T27: 170 | U27: 170 | V27: 80 | W27: 6
C28: 石家庄人民眼科 | H28: B | J28: 左眼 | K28: 0.6 | L28: 1 | M28: 1 | N28: -0.5 | O28: -0.5 | P28: 180 | Q28: =N28+0.5*O28 -> -0.75 | S28: 23.22 | T28: 170 | U28: 170 | V28: 80 | W28: 6
B29: 45638 | C29: 石家庄人民眼科 | D29: 刘梓萌 | E29: 女 | F29: 42825 | G29: SJZ-GS-014 | H29: D | I29: 取镜 | J29: 右眼 | K29: 0.5 | L29: 1 | M29: 1 | N29: -0.5 | O29: -0.5 | P29: 175 | Q29: =N29+0.5*O29 -> -0.75 | R29: 右眼 | S29: 24.79 | T29: 170 | U29: 170 | V29: 80 | W29: 6
C30: 石家庄人民眼科 | H30: D | J30: 左眼 | K30: 0.6 | L30: 1 | M30: 1 | N30: -0.5 | O30: -0.75 | P30: 170 | Q30: =N30+0.5*O30 -> -0.875 | S30: 24.73 | T30: 170 | U30: 170 | V30: 60 | W30: 4
B31: 45626 | C31: 石家庄人民眼科 | D31: 秦丞远 | E31: 男 | F31: 42004 | G31: SJZ-GS-015 | H31: A | I31: 取镜 | J31: 右眼 | K31: 0.4 | L31: 1 | M31: 1 | N31: -1.75 | O31: -0.25 | P31: 150 | Q31: =N31+0.5*O31 -> -1.875 | R31: 右眼 | S31: 25.03 | T31: 170 | U31: 170 | V31: 80 | W31: 24
C32: 石家庄人民眼科 | H32: A | J32: 左眼 | K32: 0.4 | L32: 1 | M32: 1 | N32: -2.5 | O32: -0.75 | P32: 165 | Q32: =N32+0.5*O32 -> -2.875 | S32: 25.41 | T32: 170 | U32: 170 | V32: 20 | W32: 65
B33: 45635 | C33: 石家庄人民眼科 | D33: 李诗涵 | E33: 女 | F33: 42616 | G33: SJZ-GS-016 | H33: C | I33: 取镜 | J33: 右眼 | K33: 0.4 | L33: 1 | M33: 1 | Q33: =N33+0.5*O33 -> 0 | R33: 右眼 | S33: 23.72 | T33: 170 | U33: 120 | V33: 0 | W33: 0
C34: 石家庄人民眼科 | H34: C | J34: 左眼 | K34: 0.4 | L34: 1 | M34: 1 | Q34: =N34+0.5*O34 -> 0 | S34: 23.89 | T34: 170 | U34: 170 | V34: 120 | W34: 0
B35: 45643 | C35: 石家庄人民眼科 | D35: 崔赵兮 | E35: 女 | F35: 42811 | G35: SJZ-GS-017 | H35: D | I35: 取镜 | J35: 右眼 | K35: 0.4 | L35: 1 | M35: 1 | N35: -0.75 | O35: -0.25 | P35: 170 | Q35: =N35+0.5*O35 -> -0.875 | R35: 右眼 | S35: 23.68 | T35: 170 | U35: 170 | V35: 45 | W35: 4
C36: 石家庄人民眼科 | H36: D | J36: 左眼 | K36: 0.15 | L36: 1 | M36: 1 | N36: -1.25 | Q36: =N36+0.5*O36 -> -1.25 | S36: 23.89 | T36: 170 | U36: 170 | V36: 80 | W36: 6
B37: 45647 | C37: 石家庄人民眼科 | D37: 刘镐泽 | E37: 男 | F37: 41944 | G37: SJZ-GS-018 | H37: D | I37: 取镜 | J37: 右眼 | K37: 0.2 | L37: 1 | M37: 1 | N37: -2.75 | O37: -0.75 | P37: 175 | Q37: =N37+0.5*O37 -> -3.125 | R37: 右眼 | S37: 25.32 | T37: 170 | U37: 100 | V37: 60 | W37: 24
C38: 石家庄人民眼科 | H38: D | J38: 左眼 | K38: 0.3 | L38: 1 | M38: 1 | N38: -1.75 | O38: -1.5 | P38: 170 | Q38: =N38+0.5*O38 -> -2.5 | S38: 25.03 | T38: 170 | U38: 170 | V38: 30 | W38: 6
B39: 45647 | C39: 石家庄人民眼科 | D39: 何昊轩 | E39: 男 | F39: 40870 | G39: SJZ-GS-019 | H39: A | I39: 取镜 | J39: 右眼 | K39: 0.3 | L39: 1 | M39: 1 | N39: -2 | O39: -0.75 | P39: 170 | Q39: =N39+0.5*O39 -> -2.375 | R39: 右眼 | S39: 24.97 | T39: 170 | U39: 170 | V39: 45 | W39: 6
C40: 石家庄人民眼科 | H40: A | J40: 左眼 | K40: 0.5 | L40: 1 | M40: 1 | N40: -0.75 | O40: -1 | P40: 165 | Q40: =N40+0.5*O40 -> -1.25 | S40: 24.47 | T40: 170 | U40: 170 | V40: 60 | W40: 6
B41: 45645 | C41: 石家庄人民眼科 | D41: 张逸晨 | E41: 男 | F41: 42875 | G41: SJZ-GS-020 | H41: A | I41: 取镜 | J41: 右眼 | K41: 0.5 | L41: 1 | M41: 1 | N41: -1.75 | O41: -0.5 | P41: 90 | Q41: =N41+0.5*O41 -> -2 | R41: 右眼 | S41: 24.38 | T41: 170 | U41: 170 | V41: 45 | W41: 6
C42: 石家庄人民眼科 | H42: A | J42: 左眼 | K42: 0.5 | L42: 1 | M42: 1 | N42: 1.5 | O42: 0 | P42: 0 | Q42: =N42+0.5*O42 -> 1.5 | S42: 24.33 | T42: 170 | U42: 170 | V42: 35 | W42: 4
B43: 45647 | C43: 石家庄人民眼科 | D43: 底毅博 | E43: 男 | F43: 42028 | G43: SJZ-GS-021 | H43: B | I43: 取镜 | J43: 右眼 | K43: 0.6 | L43: 1 | M43: 1 | N43: -1 | O43: -0.5 | P43: 85 | Q43: =N43+0.5*O43 -> -1.25 | R43: 右眼 | S43: 24.52 | T43: 170 | U43: 100 | V43: 60 | W43: 24
C44: 石家庄人民眼科 | H44: B | J44: 左眼 | K44: 0.8 | L44: 1 | M44: 1 | N44: -1.5 | O44: -0.25 | P44: 115 | Q44: =N44+0.5*O44 -> -1.625 | S44: 24.6 | T44: 170 | U44: 170 | V44: 45 | W44: 6
B45: 45646 | C45: 石家庄人民眼科 | D45: 师藤语 | E45: 女 | F45: 41132 | G45: SJZ-GS-022 | H45: C | I45: 取镜 | J45: 右眼 | K45: 0.25 | L45: 1 | M45: 1 | N45: -3.25 | O45: -0.5 | P45: 10 | Q45: =N45+0.5*O45 -> -3.5 | R45: 右眼 | S45: 25.51 | T45: 170 | U45: 170 | V45: 80 | W45: 24
C46: 石家庄人民眼科 | H46: C | J46: 左眼 | K46: 0.25 | L46: 1 | M46: 1 | N46: -1.75 | O46: -1.25 | P46: 180 | Q46: =N46+0.5*O46 -> -2.375 | S46: 24.98 | T46: 170 | U46: 170 | V46: 80 | W46: 6
B47: 45707 | C47: 石家庄人民眼科 | D47: 李安雅 | E47: 女 | F47: 42892 | G47: SJZ-GS-023 | H47: C | I47: 取镜 | J47: 右眼 | K47: 0.4 | L47: 1 | M47: 1 | N47: -2 | O47: -0.25 | P47: 160 | Q47: =N47+0.5*O47 -> -2.125 | R47: 右眼 | S47: 25.03 | T47: 170 | U47: 100 | V47: 60 | W47: 8
C48: 石家庄人民眼科 | H48: C | J48: 左眼 | K48: 0.5 | L48: 1 | M48: 1 | N48: -1.75 | O48: -0.25 | P48: 175 | Q48: =N48+0.5*O48 -> -1.875 | S48: 25 | T48: 170 | U48: 170 | V48: 45 | W48: 4
B49: 45682 | C49: 石家庄人民眼科 | D49: 刘星宇 | E49: 男 | F49: 41586 | G49: SJZ-GS-024 | H49: B | I49: 取镜 | J49: 右眼 | K49: 0.25 | L49: 1 | M49: 1 | N49: -4 | O49: -0.25 | P49: 50 | Q49: =N49+0.5*O49 -> -4.125 | R49: 右眼 | S49: 26.07 | T49: 170 | U49: 100 | V49: 80 | W49: 8
C50: 石家庄人民眼科 | H50: B | J50: 左眼 | K50: 0.25 | L50: 1 | M50: 1 | N50: -3.75 | O50: -0.75 | P50: 165 | Q50: =N50+0.5*O50 -> -4.125 | S50: 26.16 | T50: 170 | U50: 170 | V50: 60 | W50: 6
B51: 45680 | C51: 石家庄人民眼科 | D51: 赵子烨 | E51: 男 | F51: 42193 | G51: SJZ-GS-025 | H51: B | I51: 取镜 | J51: 右眼 | K51: 0.6 | L51: 1 | M51: 1 | N51: -1.5 | O51: -1.25 | P51: 5 | Q51: =N51+0.5*O51 -> -2.125 | R51: 右眼 | S51: 24.44 | T51: 170 | U51: 100 | V51: 45 | W51: 6
C52: 石家庄人民眼科 | H52: B | J52: 左眼 | K52: 0.4 | L52: 1 | M52: 1 | N52: -2 | O52: -1.25 | P52: 10 | Q52: =N52+0.5*O52 -> -2.625 | S52: 24.54 | T52: 170 | U52: 170 | V52: 45 | W52: 6
B53: 45680 | C53: 石家庄人民眼科 | D53: 李屹加 | E53: 男 | F53: 42730 | G53: SJZ-GS-026 | H53: C | I53: 取镜 | J53: 右眼 | K53: 0.6 | L53: 1 | M53: 1 | N53: -0.75 | O53: -0.5 | P53: 60 | Q53: =N53+0.5*O53 -> -1 | R53: 右眼 | S53: 24.51 | T53: 170 | U53: 120 | V53: 80 | W53: 24
C54: 石家庄人民眼科 | H54: C | J54: 左眼 | K54: 0.6 | L54: 1 | M54: 1 | N54: -0.75 | O54: -0.5 | P54: 115 | Q54: =N54+0.5*O54 -> -1 | S54: 24.55 | T54: 170 | U54: 170 | V54: 80 | W54: 6
B55: 45694 | C55: 石家庄人民眼科 | D55: 侯轶婷 | E55: 女 | F55: 42583 | G55: SJZ-GS-027 | H55: A | I55: 取镜 | J55: 右眼 | K55: 0.6 | L55: 1 | M55: 1 | N55: -0.75 | O55: -0.25 | P55: 125 | Q55: =N55+0.5*O55 -> -0.875 | R55: 右眼41.2241.22 | S55: 24.49 | T55: 170 | U55: 170 | V55: 80 | W55: 6
C56: 石家庄人民眼科 | H56: A | J56: 左眼 | K56: 0.6 | L56: 1 | M56: 1 | N56: -1 | O56: -0.25 | P56: 30 | Q56: =N56+0.5*O56 -> -1.125 | S56: 24.66 | T56: 170 | U56: 170 | V56: 60 | W56: 4
B57: 45682 | C57: 石家庄人民眼科 | D57: 牛建岳 | E57: 男 | F57: 41709 | G57: SJZ-GS-028 | H57: D | I57: 取镜 | J57: 右眼 | K57: 0.9 | L57: 1 | M57: 1 | N57: -0.25 | O57: -0.5 | P57: 165 | Q57: =N57+0.5*O57 -> -0.5 | R57: 左眼 | S57: 23.12 | T57: 170 | U57: 170 | V57: 60 | W57: 8
C58: 石家庄人民眼科 | H58: D | J58: 左眼 | K58: 0.2 | L58: 1 | M58: 1 | N58: -1 | O58: -0.5 | P58: 180 | Q58: =N58+0.5*O58 -> -1.25 | S58: 23.58 | T58: 170 | U58: 170 | V58: 45 | W58: 6
B59: 45695 | C59: 石家庄人民眼科 | D59: 秘少泽 | E59: 男 | F59: 40929 | G59: SJZ-GS-029 | H59: A | I59: 取镜 | J59: 右眼 | K59: 0.3 | L59: 1 | M59: 1 | N59: -2 | Q59: =N59+0.5*O59 -> -2 | R59: 左眼 | S59: 24.74 | T59: 170 | U59: 170 | V59: 60 | W59: 8
C60: 石家庄人民眼科 | H60: A | J60: 左眼 | K60: 0.6 | L60: 1 | M60: 1 | N60: -1.25 | O60: -0.5 | P60: 175 | Q60: =N60+0.5*O60 -> -1.5 | S60: 24.47 | T60: 170 | U60: 100 | V60: 60 | W60: 6
B61: 45683 | C61: 石家庄人民眼科 | D61: 张舒淼 | E61: 女 | F61: 41915 | G61: SJZ-GS-030 | H61: A | I61: 取镜 | J61: 右眼 | K61: 0.3 | L61: 1 | M61: 1 | N61: -3 | O61: -0.25 | P61: 175 | Q61: =N61+0.5*O61 -> -3.125 | R61: 右眼 | T61: 170 | U61: 170 | V61: 100 | W61: 6
C62: 石家庄人民眼科 | H62: A | J62: 左眼 | K62: 0.3 | L62: 1 | M62: 1 | N62: -3 | O62: -0.25 | P62: 170 | Q62: =N62+0.5*O62 -> -3.125 | T62: 170 | U62: 170 | V62: 120 | W62: 6
B63: 45700 | C63: 石家庄人民眼科 | D63: 殷润楚 | E63: 男 | F63: 42256 | G63: SJZ-GS-032 | H63: D | I63: 取镜 | J63: 右眼 | K63: 0.4 | L63: 1 | M63: 1 | N63: -1.75 | O63: -0.5 | P63: 90 | Q63: =N63+0.5*O63 -> -2 | R63: 右眼 | T63: 170 | U63: 100 | V63: 60 | W63: 24
C64: 石家庄人民眼科 | H64: D | J64: 左眼 | K64: 0.4 | L64: 1 | M64: 1 | N64: -1.75 | O64: 0 | P64: 0 | Q64: =N64+0.5*O64 -> -1.75 | T64: 170 | U64: 100 | V64: 60 | W64: 24
B65: 45700 | C65: 石家庄人民眼科 | D65: 高玮杰 | E65: 男 | F65: 42044 | G65: SJZ-GS-033 | H65: A | I65: 取镜 | J65: 右眼 | K65: 0.5 | L65: 1 | M65: 1 | N65: -1.25 | O65: -0.75 | P65: 165 | Q65: =N65+0.5*O65 -> -1.625 | R65: 右眼 | S65: 24.44 | T65: 170 | U65: 100 | V65: 60 | W65: 8
C66: 石家庄人民眼科 | H66: A | J66: 左眼 | K66: 0.5 | L66: 1 | M66: 1 | N66: -1.25 | O66: -0.75 | P66: 5 | Q66: =N66+0.5*O66 -> -1.625 | S66: 24.37 | T66: 170 | U66: 170 | V66: 80 | W66: 6
B67: 45700 | C67: 石家庄人民眼科 | D67: 庞凯文 | E67: 女 | F67: 42084 | G67: SJZ-GS-034 | H67: A | I67: 取镜 | J67: 右眼 | K67: 0.4 | L67: 1 | M67: 1 | N67: -2 | O67: 0 | P67: 0 | Q67: =N67+0.5*O67 -> -2 | R67: 右眼 | S67: 23.57 | T67: 170 | U67: 170 | V67: 80 | W67: 24
C68: 石家庄人民眼科 | H68: A | J68: 左眼 | K68: 0.5 | L68: 1 | M68: 1 | N68: -1.5 | O68: -0.5 | P68: 175 | Q68: =N68+0.5*O68 -> -1.75 | S68: 23.38 | T68: 170 | U68: 170 | V68: 60 | W68: 6
B69: 45700 | C69: 石家庄人民眼科 | D69: 梁颢严 | E69: 男 | F69: 41533 | G69: SJZ-GS-035 | H69: B | I69: 取镜 | J69: 右眼 | K69: 0.6 | L69: 1 | M69: 1 | N69: -1.75 | O69: 0 | P69: 0 | Q69: =N69+0.5*O69 -> -1.75 | R69: 右眼 | S69: 23.92 | T69: 170 | U69: 100 | V69: 60 | W69: 8
C70: 石家庄人民眼科 | H70: B | J70: 左眼 | K70: 0.6 | L70: 1 | M70: 1 | N70: -1.75 | O70: 0 | P70: 0 | Q70: =N70+0.5*O70 -> -1.75 | S70: 23.89 | T70: 170 | U70: 170 | V70: 45 | W70: 6
B71: 45726 | C71: 石家庄人民眼科 | D71: 王梓乐 | E71: 男 | F71: 42827 | G71: SJZ-GS-036 | H71: B | I71: 取镜 | J71: 右眼 | K71: 0.6 | L71: 1 | M71: 1 | N71: -0.75 | O71: -0.5 | P71: 5 | Q71: =N71+0.5*O71 -> -1 | R71: 右眼 | S71: 24.34 | T71: 170 | U71: 170 | V71: 45 | W71: 6
C72: 石家庄人民眼科 | H72: B | J72: 左眼 | K72: 0.5 | L72: 1 | M72: 1 | N72: -1.25 | O72: -0.25 | P72: 15 | Q72: =N72+0.5*O72 -> -1.375 | S72: 24.57 | T72: 170 | U72: 170 | V72: 35 | W72: 4
B73: 45712 | C73: 石家庄人民眼科 | D73: 赵芊羽 | E73: 女 | F73: 41932 | G73: SJZ-GS-037 | H73: B | I73: 取镜 | J73: 右眼 | K73: 0.3 | L73: 1 | M73: 1 | N73: -1.5 | O73: -1.25 | P73: 180 | Q73: =N73+0.5*O73 -> -2.125 | R73: 右眼 | S73: 23.29 | T73: 170 | U73: 170 | V73: 35 | W73: 4
C74: 石家庄人民眼科 | H74: B | J74: 左眼 | K74: 0.3 | L74: 1 | M74: 1 | N74: -1 | O74: -1.25 | P74: 175 | Q74: =N74+0.5*O74 -> -1.625 | S74: 23.09 | T74: 170 | U74: 170 | V74: 35 | W74: 3
B75: 45710 | C75: 石家庄人民眼科 | D75: 郝海霞 | E75: 女 | F75: 42562 | G75: SJZ-GS-038 | H75: B | I75: 取镜 | J75: 右眼 | K75: 0.6 | L75: 1 | M75: 1 | N75: -1 | O75: -0.25 | P75: 105 | Q75: =N75+0.5*O75 -> -1.125 | R75: 右眼 | S75: 24.23 | T75: 170 | U75: 170 | V75: 35 | W75: 4
C76: 石家庄人民眼科 | H76: B | J76: 左眼 | K76: 0.7 | L76: 1 | M76: 1 | N76: -0.5 | O76: 0 | P76: 0 | Q76: =N76+0.5*O76 -> -0.5 | S76: 24.18 | T76: 170 | U76: 170 | V76: 60 | W76: 6
B77: 45711 | C77: 石家庄人民眼科 | D77: 单彬哲 | E77: 男 | F77: 2019.1.20 | G77: SJZ-GS-039 | H77: D | I77: 取镜 | J77: 右眼 | K77: 0.25 | L77: 1 | M77: 1 | N77: -2.25 | O77: -0.25 | P77: 160 | Q77: =N77+0.5*O77 -> -2.375 | R77: 右眼 | S77: 23.28 | T77: 170 | U77: 100 | V77: 60 | W77: 24
C78: 石家庄人民眼科 | H78: D | J78: 左眼 | K78: 0.3 | L78: 1 | M78: 1 | N78: -1 | O78: -1 | P78: 5 | Q78: =N78+0.5*O78 -> -1.5 | S78: 22.94 | T78: 170 | U78: 170 | V78: 45 | W78: 8
B79: 45711 | C79: 石家庄人民眼科 | D79: 全桓欣 | E79: 女 | F79: 41184 | G79: SJZ-GS-040 | H79: D | I79: 取镜 | J79: 右眼 | K79: 0.3 | L79: 1 | M79: 1 | N79: -2.75 | O79: -1 | P79: 175 | Q79: =N79+0.5*O79 -> -3.25 | R79: 右眼 | S79: 24.83 | T79: 170 | U79: 170 | V79: 80 | W79: 6
C80: 石家庄人民眼科 | H80: D | J80: 左眼 | K80: 0.3 | L80: 1 | M80: 1 | N80: -2 | O80: -1 | P80: 180 | Q80: =N80+0.5*O80 -> -2.5 | S80: 24.52 | T80: 170 | U80: 170 | V80: 60 | W80: 4
B81: 45718 | C81: 石家庄人民眼科 | D81: 宋佳乐 | E81: 女 | F81: 41432 | G81: SJZ-GS-041 | H81: B | I81: 取镜 | J81: 右眼 | K81: 0.6 | L81: 1 | M81: 1 | N81: -1.25 | O81: -0.5 | P81: 175 | Q81: =N81+0.5*O81 -> -1.5 | R81: 左眼 | S81: 23.7 | T81: 170 | U81: 170 | V81: 60 | W81: 6
C82: 石家庄人民眼科 | H82: B | J82: 左眼 | K82: 0.25 | L82: 1 | M82: 1 | N82: -1.25 | O82: -1 | P82: 5 | Q82: =N82+0.5*O82 -> -1.75 | S82: 23.86 | T82: 170 | U82: 170 | V82: 45 | W82: 4
B83: 45726 | C83: 石家庄人民眼科 | D83: 王清悦 | E83: 女 | F83: 40945 | G83: SJZ-GS-042 | H83: C | I83: 取镜 | J83: 右眼 | K83: 0.6 | L83: 1 | M83: 0.6 | N83: -0.75 | O83: 0 | P83: 0 | Q83: =N83+0.5*O83 -> -0.75 | R83: 右眼 | S83: 24.89 | T83: 170 | U83: 170 | V83: 100 | W83: 6
C84: 石家庄人民眼科 | H84: C | J84: 左眼 | K84: 0.6 | L84: 1 | M84: 0.6 | N84: -1 | O84: 0 | P84: 0 | Q84: =N84+0.5*O84 -> -1 | S84: 25.1 | T84: 170 | U84: 170 | V84: 60 | W84: 4
B85: 45717 | C85: 石家庄人民眼科 | D85: 胡仕龙 | E85: 男 | F85: 42013 | G85: SJZ-GS-043 | H85: B | I85: 取镜 | J85: 右眼 | K85: 0.5 | L85: 1 | M85: 0.8 | N85: -1.75 | O85: -0.5 | P85: 165 | Q85: =N85+0.5*O85 -> -2 | R85: 右眼 | S85: 23.28 | T85: 170 | U85: 170 | V85: 80 | W85: 24
C86: 石家庄人民眼科 | H86: B | J86: 左眼 | K86: 0.8 | L86: 1 | M86: 0.8 | N86: -1.75 | O86: -0.75 | P86: 165 | Q86: =N86+0.5*O86 -> -2.125 | S86: 23.33 | T86: 170 | U86: 170 | V86: 60 | W86: 24
B87: 45738 | C87: 石家庄人民眼科 | D87: 刘嘉恩 | E87: 女 | F87: 42787 | G87: SJZ-GS-044 | H87: C | I87: 取镜 | J87: 右眼 | K87: 0.5 | L87: 1 | M87: 0.6 | N87: -1 | O87: -0.25 | P87: 160 | Q87: =N87+0.5*O87 -> -1.125 | R87: 右眼 | S87: 24.72 | T87: 170 | U87: 170 | V87: 60 | W87: 6
C88: 石家庄人民眼科 | H88: C | J88: 左眼 | K88: 0.5 | L88: 1 | M88: 0.6 | N88: -1.5 | O88: -0.5 | P88: 170 | Q88: =N88+0.5*O88 -> -1.75 | S88: 24.64 | T88: 170 | U88: 170 | V88: 80 | W88: 6
B89: 45721 | C89: 石家庄人民眼科 | D89: 陈思丞 | E89: 男 | F89: 41618 | G89: SJZ-GS-045 | H89: C | I89: 取镜 | J89: 右眼 | K89: 0.5 | L89: 1 | M89: 0.6 | N89: -1.5 | O89: -0.75 | P89: 180 | Q89: =N89+0.5*O89 -> -1.875 | R89: 左眼 | S89: 24 | T89: 170 | U89: 170 | V89: 60 | W89: 4
C90: 石家庄人民眼科 | H90: C | J90: 左眼 | K90: 0.4 | L90: 1 | M90: 0.5 | N90: -2 | O90: -0.75 | P90: 170 | Q90: =N90+0.5*O90 -> -2.375 | S90: 24.25 | T90: 170 | U90: 170 | V90: 80 | W90: 6
B91: 45718 | C91: 石家庄人民眼科 | D91: 任腾悦 | E91: 男 | F91: 43301 | G91: SJZ-GS-046 | H91: A | I91: 取镜 | J91: 右眼 | K91: 0.6 | L91: 1 | M91: 0.7 | N91: -0.5 | O91: 0 | P91: 0 | Q91: =N91+0.5*O91 -> -0.5 | R91: 右眼 | S91: 23.4 | T91: 170 | U91: 170 | V91: 45 | W91: 4
C92: 石家庄人民眼科 | H92: A | J92: 左眼 | K92: 0.6 | L92: 1 | M92: 0.7 | N92: -0.25 | O92: 0 | P92: 0 | Q92: =N92+0.5*O92 -> -0.25 | S92: 23.28 | T92: 170 | U92: 170 | V92: 60 | W92: 6
B93: 45724 | C93: 石家庄人民眼科 | D93: 喻子昂 | E93: 男 | F93: 41263 | G93: SJZ-GS-048 | H93: A | I93: 取镜 | J93: 右眼 | K93: 0.6 | L93: 1 | M93: 0.7 | N93: -1 | O93: -0.5 | P93: 165 | Q93: =N93+0.5*O93 -> -1.25 | R93: 右眼 | S93: 24.92 | T93: 170 | U93: 170 | V93: 60 | W93: 4
C94: 石家庄人民眼科 | H94: A | J94: 左眼 | K94: 0.6 | L94: 1 | M94: 0.7 | N94: -1.5 | O94: -0.25 | P94: 175 | Q94: =N94+0.5*O94 -> -1.625 | S94: 24.86 | T94: 170 | U94: 170 | V94: 80 | W94: 6
B95: 45725 | C95: 石家庄人民眼科 | D95: 王佳琦 | E95: 女 | F95: 42453 | G95: SJZ-GS-049 | H95: A | I95: 取镜 | J95: 右眼 | K95: 0.4 | L95: 1 | M95: 0.6 | N95: -0.75 | O95: -0.5 | P95: 5 | Q95: =N95+0.5*O95 -> -1 | R95: 右眼 | S95: 23.02 | T95: 170 | U95: 170 | V95: 80 | W95: 6
C96: 石家庄人民眼科 | H96: A | J96: 左眼 | K96: 0.6 | L96: 1 | M96: 0.7 | N96: -0.5 | O96: -0.75 | P96: 175 | Q96: =N96+0.5*O96 -> -0.875 | S96: 22.95 | T96: 170 | U96: 170 | V96: 60 | W96: 4
B97: 45731 | C97: 石家庄人民眼科 | D97: 苏策勋 | E97: 男 | F97: 42621 | G97: SJZ-GS-050 | H97: B | I97: 取镜 | J97: 右眼 | K97: 0.5 | L97: 1 | M97: 0.7 | N97: -1.5 | O97: 0 | P97: 0 | Q97: =N97+0.5*O97 -> -1.5 | R97: 右眼 | S97: 23.29 | T97: 170 | U97: 170 | V97: 45 | W97: 6
C98: 石家庄人民眼科 | H98: B | J98: 左眼 | K98: 0.5 | L98: 1 | M98: 0.7 | N98: -1.25 | O98: -0.5 | P98: 150 | Q98: =N98+0.5*O98 -> -1.5 | S98: 23.26 | T98: 170 | U98: 170 | V98: 45 | W98: 4
B99: 45731 | C99: 石家庄人民眼科 | D99: 刘李慕 | E99: 男 | F99: 41977 | G99: SJZ-GS-051 | H99: D | I99: 取镜 | J99: 右眼 | K99: 0.7 | L99: 1 | M99: 0.8 | N99: -1 | O99: -1 | P99: 170 | Q99: =N99+0.5*O99 -> -1.5 | R99: 左眼 | S99: 23.87 | T99: 170 | U99: 170 | V99: 60 | W99: 6
C100: 石家庄人民眼科 | H100: D | J100: 左眼 | K100: 0.6 | L100: 1 | M100: 0.8 | N100: -1.75 | O100: -1 | P100: 5 | Q100: =N100+0.5*O100 -> -2.25 | S100: 24.12 | T100: 170 | U100: 100 | V100: 60 | W100: 6
...

Sheet 六个月复查 
H1: 视力眼压 | K1: 散瞳验光 | S1: 对比敏感度
A2: 就诊门店 | B2: 姓名 | C2: 性别 | D2: 出生日期 | E2: 患者编号 | F2: 组别 | G2: 眼别 | H2: 戴镜远视力 | I2: 戴镜近视力 | J2: 基线散瞳验光等效球镜 | K2: 散瞳验光球镜 | L2: 散瞳验光柱镜 | M2: 散瞳验光轴位 | N2: 6个月散瞳验光等效球镜 | O2: 散瞳验光等效球镜变化 | P2: 基线眼轴 | Q2: 6个月眼轴 | R2: 6个月眼轴变化量 | S2: A-3CPD | T2: B-6CPD | U2: C-12CPD | V2: D-18CPD
A3: =[1]取镜!C3 -> 石家庄人民眼科 | B3: =[1]取镜!D3 -> 张茗尘 | C3: =[1]取镜!E3 -> 女 | D3: =[1]取镜!F3 -> 41695 | E3: SJZ-GS-001 | F3: B | G3: 右眼 | H3: 1 | I3: 1 | J3: -0.875 | K3: -0.5 | L3: -1.5 | M3: 170 | N3: -1.25 | O3: =N3-J3 -> -0.375 | P3: 23.68 | Q3: 23.77 | R3: 0.09 | S3: 170 | T3: 170 | U3: 15 | V3: 4
A4: =[1]取镜!C4 -> 石家庄人民眼科 | B4: =[1]取镜!D4 -> 0 | C4: =[1]取镜!E4 -> 0 | D4: =[1]取镜!F4 -> 0 | E4: SJZ-GS-001 | F4: B | G4: 左眼 | H4: 1 | I4: 1 | J4: -1.625 | K4: -1 | L4: -1.5 | M4: 5 | N4: -1.75 | O4: =N4-J4 -> -0.125 | P4: 23.8 | Q4: 23.88 | R4: 0.08 | S4: 170 | T4: 170 | U4: 35 | V4: 6
A5: =[1]取镜!C5 -> 石家庄人民眼科 | B5: =[1]取镜!D5 -> 康安迪 | C5: =[1]取镜!E5 -> 男 | D5: =[1]取镜!F5 -> 42452 | E5: SJZ-GS-002 | F5: D | G5: 右眼 | H5: 1 | I5: 1 | J5: -1 | K5: -0.75 | L5: -0.5 | M5: 5 | N5: -1 | O5: =N5-J5 -> 0 | P5: 23.27 | Q5: 23.35 | R5: 0.08 | S5: 170 | T5: 170 | U5: 9 | V5: 4
A6: =[1]取镜!C6 -> 石家庄人民眼科 | B6: =[1]取镜!D6 -> 0 | C6: =[1]取镜!E6 -> 0 | D6: =[1]取镜!F6 -> 0 | E6: SJZ-GS-002 | F6: D | G6: 左眼 | H6: 1 | I6: 1 | J6: -1.5 | K6: -1.5 | L6: -0.5 | M6: 160 | N6: -1.75 | O6: =N6-J6 -> -0.25 | P6: 23.61 | Q6: 23.73 | R6: 0.12 | S6: 170 | T6: 170 | U6: 25 | V6: 8
A7: =[1]取镜!C7 -> 石家庄人民眼科 | B7: =[1]取镜!D7 -> 李参炜 | C7: =[1]取镜!E7 -> 男 | D7: =[1]取镜!F7 -> 41383 | E7: SJZ-GS-003 | F7: B | G7: 右眼 | H7: 1 | I7: 1 | J7: -3.625 | K7: -3.75 | L7: -1.25 | M7: 175 | N7: -4.375 | O7: =N7-J7 -> -0.75 | P7: 24.57 | Q7: 24.8 | R7: 0.23 | S7: 170 | T7: 170 | U7: 60 | V7: 15
A8: =[1]取镜!C8 -> 石家庄人民眼科 | B8: =[1]取镜!D8 -> 0 | C8: =[1]取镜!E8 -> 0 | D8: =[1]取镜!F8 -> 0 | E8: SJZ-GS-003 | F8: B | G8: 左眼 | H8: 1 | I8: 1 | J8: -3.875 | K8: -3.5 | L8: -1.25 | M8: 10 | N8: -4.125 | O8: =N8-J8 -> -0.25 | P8: 24.69 | Q8: 24.82 | R8: 0.13 | S8: 170 | T8: 170 | U8: 60 | V8: 15
A9: =[1]取镜!C9 -> 石家庄人民眼科 | B9: =[1]取镜!D9 -> 王锦天 | C9: =[1]取镜!E9 -> 男 | D9: =[1]取镜!F9 -> 41579 | E9: SJZ-GS-004 | F9: A | G9: 右眼 | H9: 1 | I9: 1 | J9: -2.75 | K9: -2.5 | L9: -0.75 | M9: 5 | N9: -2.875 | O9: =N9-J9 -> -0.125 | P9: 23.64 | Q9: 23.62 | R9: -0.02 | S9: 170 | T9: 170 | U9: 35 | V9: 8
A10: =[1]取镜!C10 -> 石家庄人民眼科 | B10: =[1]取镜!D10 -> 0 | C10: =[1]取镜!E10 -> 0 | D10: =[1]取镜!F10 -> 0 | E10: SJZ-GS-004 | F10: A | G10: 左眼 | H10: 1 | I10: 1 | J10: -3.125 | K10: -2.75 | L10: -0.5 | M10: 155 | N10: -3 | O10: =N10-J10 -> 0.125 | P10: 23.76 | Q10: 23.73 | R10: -0.03 | S10: 170 | T10: 170 | U10: 80 | V10: 65
A11: =[1]取镜!C11 -> 石家庄人民眼科 | B11: =[1]取镜!D11 -> 徐乐心 | C11: =[1]取镜!E11 -> 男 | D11: =[1]取镜!F11 -> 41504 | E11: SJZ-GS-005 | F11: C | G11: 右眼 | H11: 1 | I11: 1 | J11: -2.875 | K11: -2.25 | L11: -1 | M11: 170 | N11: -2.75 | O11: =N11-J11 -> 0.125 | P11: 25.29 | Q11: 25.28 | R11: -0.01 | S11: 170 | T11: 170 | U11: 80 | V11: 24
A12: =[1]取镜!C12 -> 石家庄人民眼科 | B12: =[1]取镜!D12 -> 0 | C12: =[1]取镜!E12 -> 0 | D12: =[1]取镜!F12 -> 0 | E12: SJZ-GS-005 | F12: C | G12: 左眼 | H12: 1 | I12: 1 | J12: -2.75 | K12: -3 | L12: -0.5 | M12: 5 | N12: -3.25 | O12: =N12-J12 -> -0.5 | P12: 25.48 | Q12: 25.5 | R12: 0.02 | S12: 170 | T12: 170 | U12: 80 | V12: 6
A13: =[1]取镜!C13 -> 石家庄人民眼科 | B13: =[1]取镜!D13 -> 徐乐成 | C13: =[1]取镜!E13 -> 男 | D13: 41504 | E13: SJZ-GS-006 | F13: A | G13: 右眼 | H13: 1 | I13: 1 | J13: -3.375 | K13: -2.75 | L13: -1 | M13: 175 | N13: -3.25 | O13: =N13-J13 -> 0.125 | P13: 25.43 | Q13: 25.42 | R13: -0.01 | S13: 170 | T13: 170 | U13: 80 | V13: 24
A14: =[1]取镜!C14 -> 石家庄人民眼科 | B14: =[1]取镜!D14 -> 0 | C14: =[1]取镜!E14 -> 0 | D14: =[1]取镜!F14 -> 0 | E14: SJZ-GS-006 | F14: A | G14: 左眼 | H14: 1 | I14: 1 | J14: -3 | K14: -2.75 | L14: -1 | M14: 5 | N14: -3.25 | O14: =N14-J14 -> -0.25 | P14: 25.24 | Q14: 25.3 | R14: 0.06 | S14: 170 | T14: 170 | U14: 80 | V14: 6
A15: =[1]取镜!C15 -> 石家庄人民眼科 | B15: =[1]取镜!D15 -> 张楚尧 | C15: =[1]取镜!E15 -> 男 | D15: =[1]取镜!F15 -> 41966 | E15: SJZ-GS-007 | F15: D | G15: 右眼 | H15: 1 | I15: 1 | J15: -2 | K15: -2 | L15: -0.25 | M15: 15 | N15: -2.125 | O15: =N15-J15 -> -0.125 | P15: 24.92 | Q15: 24.94 | R15: 0.02 | S15: 170 | T15: 170 | U15: 45 | V15: 15
A16: =[1]取镜!C16 -> 石家庄人民眼科 | B16: =[1]取镜!D16 -> 0 | C16: =[1]取镜!E16 -> 0 | D16: =[1]取镜!F16 -> 0 | E16: SJZ-GS-007 | F16: D | G16: 左眼 | H16: 1 | I16: 1 | J16: -2.25 | K16: -1.75 | L16: -0.75 | M16: 155 | N16: -2.125 | O16: =N16-J16 -> 0.125 | P16: 25.2 | Q16: 25.03 | R16: -0.17 | S16: 170 | T16: 170 | U16: 60 | V16: 8
A17: =[1]取镜!C17 -> 石家庄人民眼科 | B17: =[1]取镜!D17 -> 张海冰 | C17: =[1]取镜!E17 -> 男 | D17: =[1]取镜!F17 -> 41306 | E17: SJZ-GS-008 | F17: D | G17: 右眼 | H17: 1 | I17: 1 | J17: -1.125 | K17: -0.5 | L17: -1.75 | M17: 170 | N17: -1.375 | O17: =N17-J17 -> -0.25 | P17: 23.42 | Q17: 23.52 | R17: 0.1 | S17: 170 | T17: 170 | U17: 120 | V17: 65
A18: =[1]取镜!C18 -> 石家庄人民眼科 | B18: =[1]取镜!D18 -> 0 | C18: =[1]取镜!E18 -> 0 | D18: =[1]取镜!F18 -> 0 | E18: SJZ-GS-008 | F18: D | G18: 左眼 | H18: 1 | I18: 1 | J18: -0.875 | L18: -2.25 | M18: 5 | N18: =K18+0.5*L18 -> -1.125 | O18: =N18-J18 -> -0.25 | P18: 23.21 | Q18: 23.26 | R18: 0.05 | S18: 170 | T18: 170 | U18: 80 | V18: 24
A19: =[1]取镜!C19 -> 石家庄人民眼科 | B19: =[1]取镜!D19 -> 李文晴 | C19: =[1]取镜!E19 -> 女 | D19: =[1]取镜!F19 -> 42299 | E19: SJZ-GS-009 | F19: C | G19: 右眼 | H19: 1 | I19: 1 | J19: -1.375 | K19: -1.5 | L19: -0.5 | M19: 165 | N19: -1.75 | O19: =N19-J19 -> -0.375 | P19: 24.03 | Q19: 24.14 | R19: 0.11 | S19: 170 | T19: 170 | U19: 60 | V19: 8
A20: =[1]取镜!C20 -> 石家庄人民眼科 | B20: =[1]取镜!D20 -> 0 | C20: =[1]取镜!E20 -> 0 | D20: =[1]取镜!F20 -> 0 | E20: SJZ-GS-009 | F20: C | G20: 左眼 | H20: 1 | I20: 1 | J20: -0.875 | K20: -1 | L20: -0.75 | M20: 175 | N20: -1.375 | O20: =N20-J20 -> -0.5 | P20: 23.99 | Q20: 24.08 | R20: 0.09 | S20: 170 | T20: 170 | U20: 120 | V20: 8
A21: =[1]取镜!C21 -> 石家庄人民眼科 | B21: =[1]取镜!D21 -> 王可妍 | C21: =[1]取镜!E21 -> 女 | D21: =[1]取镜!F21 -> 40620 | E21: SJZ-GS-010 | F21: D | G21: 右眼 | H21: 1 | I21: 1 | J21: -3.25 | K21: -2.75 | L21: 0 | M21: 0 | N21: -2.75 | O21: =N21-J21 -> 0.5 | P21: 25.34 | Q21: 25.19 | R21: -0.15 | S21: 170 | T21: 170 | U21: 120 | V21: 3
A22: =[1]取镜!C22 -> 石家庄人民眼科 | B22: ss | C22: =[1]取镜!E22 -> 0 | D22: =[1]取镜!F22 -> 0 | E22: SJZ-GS-010 | F22: D | G22: 左眼 | H22: 1 | I22: 1 | J22: -3.25 | K22: -3 | L22: -0.5 | M22: 165 | N22: -3.25 | O22: =N22-J22 -> 0 | P22: 25.12 | Q22: 25.21 | R22: 0.09 | S22: 170 | T22: 80 | U22: 80 | V22: 35
A23: =[1]取镜!C23 -> 石家庄人民眼科 | B23: =[1]取镜!D23 -> 檀沐析 | C23: =[1]取镜!E23 -> 男 | D23: =[1]取镜!F23 -> 42553 | E23: =[1]取镜!G23 -> SJZ-GS-011 | F23: D | G23: 右眼 | H23: 1 | I23: 1 | J23: -2.25 | K23: -1.75 | L23: -1.25 | M23: 175 | N23: -2.375 | O23: =N23-J23 -> -0.125 | P23: 24.6 | Q23: 24.92 | R23: 0.32 | S23: 170 | T23: 170 | U23: 120 | V23: 8
A24: =[1]取镜!C24 -> 石家庄人民眼科 | B24: =[1]取镜!D24 -> 0 | C24: =[1]取镜!E24 -> 0 | D24: =[1]取镜!F24 -> 0 | E24: SJZ-GS-011 | F24: D | G24: 左眼 | H24: 1 | I24: 1 | J24: -2.25 | K24: -1.5 | L24: -1.5 | M24: 5 | N24: -2.25 | O24: =N24-J24 -> 0 | P24: 24.75 | Q24: 25.02 | R24: 0.27 | S24: 170 | T24: 120 | U24: 25 | V24: 3
A25: =[1]取镜!C25 -> 石家庄人民眼科 | B25: =[1]取镜!D25 -> 李昭旭 | C25: =[1]取镜!E25 -> 男 | D25: =[1]取镜!F25 -> 42755 | E25: SJZ-GS-012 | F25: B | G25: 右眼 | H25: 0.8 | I25: 1 | J25: -1.875 | K25: -2.5 | L25: -0.5 | M25: 180 | N25: -2.75 | O25: =N25-J25 -> -0.875 | P25: 24.09 | Q25: 24.34 | R25: 0.25 | S25: 170 | T25: 80 | U25: 35 | V25: 8
A26: =[1]取镜!C26 -> 石家庄人民眼科 | B26: =[1]取镜!D26 -> 0 | C26: =[1]取镜!E26 -> 0 | D26: =[1]取镜!F26 -> 0 | E26: SJZ-GS-012 | F26: B | G26: 左眼 | H26: 0.8 | I26: 1 | J26: -2 | K26: -2 | L26: -0.5 | M26: 165 | N26: -2.25 | O26: =N26-J26 -> -0.25 | P26: 24.24 | Q26: 24.46 | R26: 0.22 | S26: 170 | T26: 170 | U26: 60 | V26: 24
A27: =[1]取镜!C27 -> 石家庄人民眼科 | B27: =[1]取镜!D27 -> 温心语 | C27: =[1]取镜!E27 -> 女 | D27: =[1]取镜!F27 -> 43135 | E27: SJZ-GS-013 | F27: B | G27: 右眼 | H27: 1 | I27: 1 | J27: -1 | K27: -1.75 | L27: -0.75 | M27: 180 | N27: -2.125 | O27: =N27-J27 -> -1.125 | P27: 23.24 | Q27: 23.48 | R27: 0.24 | S27: 170 | T27: 170 | U27: 60 | V27: 15
A28: =[1]取镜!C28 -> 石家庄人民眼科 | B28: =[1]取镜!D28 -> 0 | C28: =[1]取镜!E28 -> 0 | D28: =[1]取镜!F28 -> 0 | E28: SJZ-GS-013 | F28: B | G28: 左眼 | H28: 1 | I28: 1 | J28: -0.75 | K28: -1 | L28: -1 | M28: 175 | N28: -1.5 | O28: =N28-J28 -> -0.75 | P28: 23.22 | Q28: 23.37 | R28: 0.15 | S28: 170 | T28: 170 | U28: 80 | V28: 24
A29: =[1]取镜!C29 -> 石家庄人民眼科 | B29: =[1]取镜!D29 -> 刘梓萌 | C29: =[1]取镜!E29 -> 女 | D29: =[1]取镜!F29 -> 42825 | E29: SJZ-GS-014 | F29: D | G29: 右眼 | H29: 1 | I29: 1 | J29: -0.75 | K29: -0.5 | L29: -1 | M29: 180 | N29: -1 | O29: =N29-J29 -> -0.25 | P29: 24.79 | Q29: 24.79 | R29: 0 | S29: 170 | T29: 170 | U29: 80 | V29: 6
A30: =[1]取镜!C30 -> 石家庄人民眼科 | B30: =[1]取镜!D30 -> 0 | C30: =[1]取镜!E30 -> 0 | D30: =[1]取镜!F30 -> 0 | E30: SJZ-GS-014 | F30: D | G30: 左眼 | H30: 1 | I30: 1 | J30: -0.875 | K30: -0.75 | L30: -1.25 | M30: 170 | N30: -1.375 | O30: =N30-J30 -> -0.5 | P30: 24.73 | Q30: 24.88 | R30: 0.15 | S30: 170 | T30: 170 | U30: 60 | V30: 4
A31: =[1]取镜!C31 -> 石家庄人民眼科 | B31: =[1]取镜!D31 -> 秦丞远 | C31: =[1]取镜!E31 -> 男 | D31: =[1]取镜!F31 -> 42004 | E31: SJZ-GS-015 | F31: A | G31: 右眼 | H31: 1 | I31: 1 | J31: -1.875 | K31: -2.25 | L31: -0.5 | M31: 165 | N31: -2.5 | O31: =N31-J31 -> -0.625 | P31: 25.03 | Q31: 25.14 | R31: 0.11 | S31: 170 | T31: 170 | U31: 60 | V31: 24
A32: =[1]取镜!C32 -> 石家庄人民眼科 | B32: =[1]取镜!D32 -> 0 | C32: =[1]取镜!E32 -> 0 | D32: =[1]取镜!F32 -> 0 | E32: SJZ-GS-015 | F32: A | G32: 左眼 | H32: 1 | I32: 1 | J32: -2.875 | K32: -2.5 | L32: -0.75 | M32: 175 | N32: -2.875 | O32: =N32-J32 -> 0 | P32: 25.41 | Q32: 25.45 | R32: 0.04 | S32: 170 | T32: 170 | U32: 120 | V32: 15
A33: =[1]取镜!C33 -> 石家庄人民眼科 | B33: =[1]取镜!D33 -> 李诗涵 | C33: =[1]取镜!E33 -> 女 | D33: =[1]取镜!F33 -> 42616 | E33: SJZ-GS-016 | F33: C | G33: 右眼 | H33: 1 | I33: 1 | K33: -1 | L33: 0 | M33: 0 | N33: -1 | O33: =N33-J33 -> -1 | P33: 23.72 | Q33: 23.65 | R33: -0.07 | S33: 170 | T33: 170 | U33: 45 | V33: 15
A34: =[1]取镜!C34 -> 石家庄人民眼科 | B34: =[1]取镜!D34 -> 0 | C34: =[1]取镜!E34 -> 0 | D34: =[1]取镜!F34 -> 0 | E34: SJZ-GS-016 | F34: C | G34: 左眼 | H34: 1 | I34: 1 | K34: -1.25 | L34: -0.25 | M34: 160 | N34: -1.375 | O34: =N34-J34 -> -1.375 | P34: 23.89 | Q34: 23.82 | R34: -0.07 | S34: 170 | T34: 170 | U34: 15 | V34: 15
A35: =[1]取镜!C35 -> 石家庄人民眼科 | B35: =[1]取镜!D35 -> 崔赵兮 | C35: =[1]取镜!E35 -> 女 | D35: =[1]取镜!F35 -> 42811 | E35: SJZ-GS-017 | F35: D | G35: 右眼 | H35: 1 | I35: 1 | J35: -0.875 | K35: -1.25 | L35: -0.75 | M35: 180 | N35: -1.625 | O35: =N35-J35 -> -0.75 | P35: 23.68 | Q35: 23.83 | R35: 0.15 | S35: 170 | T35: 170 | U35: 35 | V35: 24
A36: =[1]取镜!C36 -> 石家庄人民眼科 | B36: =[1]取镜!D36 -> 0 | C36: =[1]取镜!E36 -> 0 | D36: =[1]取镜!F36 -> 0 | E36: SJZ-GS-017 | F36: D | G36: 左眼 | H36: 1 | I36: 1 | J36: -1.25 | K36: -1.5 | L36: -0.75 | M36: 175 | N36: -1.875 | O36: =N36-J36 -> -0.625 | P36: 23.89 | Q36: 24.06 | R36: 0.17 | S36: 170 | T36: 170 | U36: 9 | V36: 6
A37: =[1]取镜!C37 -> 石家庄人民眼科 | B37: =[1]取镜!D37 -> 刘镐泽 | C37: =[1]取镜!E37 -> 男 | D37: =[1]取镜!F37 -> 41944 | E37: SJZ-GS-018 | F37: D | G37: 右眼 | H37: 1 | I37: 1 | J37: -3.125 | K37: -3 | L37: -1.5 | M37: 175 | N37: -3.75 | O37: =N37-J37 -> -0.625 | P37: 25.32 | Q37: 25.46 | R37: 0.14 | S37: 170 | T37: 170 | U37: 6 | V37: 4
A38: =[1]取镜!C38 -> 石家庄人民眼科 | B38: =[1]取镜!D38 -> 0 | C38: =[1]取镜!E38 -> 0 | D38: =[1]取镜!F38 -> 0 | E38: SJZ-GS-018 | F38: D | G38: 左眼 | H38: 1 | I38: 1 | J38: -2.5 | K38: -2 | L38: -2 | M38: 165 | N38: -3 | O38: =N38-J38 -> -0.5 | P38: 25.03 | Q38: 25.19 | R38: 0.16 | S38: 120 | T38: 170 | U38: 45 | V38: 8
A39: =[1]取镜!C39 -> 石家庄人民眼科 | B39: =[1]取镜!D39 -> 何昊轩 | C39: =[1]取镜!E39 -> 男 | D39: =[1]取镜!F39 -> 40870 | E39: SJZ-GS-019 | F39: A | G39: 右眼 | H39: 1 | I39: 1 | J39: -2.375 | K39: -1.75 | L39: -1 | M39: 170 | N39: -2.25 | O39: =N39-J39 -> 0.125 | P39: 24.97 | Q39: 24.87 | R39: -0.1 | S39: 170 | T39: 170 | U39: 15 | V39: 0
A40: =[1]取镜!C40 -> 石家庄人民眼科 | B40: =[1]取镜!D40 -> 0 | C40: =[1]取镜!E40 -> 0 | D40: =[1]取镜!F40 -> 0 | E40: SJZ-GS-019 | F40: A | G40: 左眼 | H40: 1 | I40: 1 | J40: -1.25 | K40: -0.5 | L40: -1.5 | M40: 170 | N40: -1.25 | O40: =N40-J40 -> 0 | P40: 24.47 | Q40: 24.43 | R40: -0.04 | S40: 170 | T40: 170 | U40: 15 | V40: 4
A41: =[1]取镜!C41 -> 石家庄人民眼科 | B41: =[1]取镜!D41 -> 张逸晨 | C41: =[1]取镜!E41 -> 男 | D41: =[1]取镜!F41 -> 42875 | E41: SJZ-GS-020 | F41: A | G41: 右眼 | H41: 1 | I41: 1 | J41: -2 | K41: -1.75 | L41: 0 | M41: 0 | N41: -1.75 | O41: =N41-J41 -> 0.25 | P41: 24.38 | Q41: 24.48 | R41: 0.1 | S41: 170 | T41: 170 | U41: 45 | V41: 15
A42: =[1]取镜!C42 -> 石家庄人民眼科 | B42: =[1]取镜!D42 -> 0 | C42: =[1]取镜!E42 -> 0 | D42: =[1]取镜!F42 -> 0 | E42: SJZ-GS-020 | F42: A | G42: 左眼 | H42: 1 | I42: 1 | J42: 1.5 | K42: -2 | L42: -0.25 | M42: 165 | N42: -2.125 | O42: =N42-J42 -> -3.625 | P42: 24.33 | Q42: 24.46 | R42: 0.13 | S42: 170 | T42: 170 | U42: 45 | V42: 6
A43: =[1]取镜!C43 -> 石家庄人民眼科 | B43: =[1]取镜!D43 -> 底毅博 | C43: =[1]取镜!E43 -> 男 | D43: =[1]取镜!F43 -> 42028 | E43: SJZ-GS-021 | F43: B | G43: 右眼 | H43: 1 | I43: 1 | J43: -1.25 | K43: -1.25 | L43: 0 | M43: 0 | N43: -1.25 | O43: =N43-J43 -> 0 | P43: 24.52 | Q43: 24.62 | R43: 0.1 | S43: 170 | T43: 170 | U43: 35 | V43: 6
A44: =[1]取镜!C44 -> 石家庄人民眼科 | B44: =[1]取镜!D44 -> 0 | C44: =[1]取镜!E44 -> 0 | D44: =[1]取镜!F44 -> 0 | E44: SJZ-GS-021 | F44: B | G44: 左眼 | H44: 1 | I44: 1 | J44: -1.625 | K44: -1.75 | L44: 0 | M44: 0 | N44: -1.75 | O44: =N44-J44 -> -0.125 | P44: 24.6 | Q44: 24.66 | R44: 0.06 | S44: 170 | T44: 120 | U44: 80 | V44: 35
A45: =[1]取镜!C45 -> 石家庄人民眼科 | B45: =[1]取镜!D45 -> 师藤语 | C45: =[1]取镜!E45 -> 女 | D45: =[1]取镜!F45 -> 41132 | E45: SJZ-GS-022 | F45: C | G45: 右眼 | H45: 1 | I45: 1 | J45: -3.5 | K45: -3.5 | L45: -1 | M45: 10 | N45: -4 | O45: =N45-J45 -> -0.5 | P45: 25.51 | Q45: 25.49 | R45: -0.02 | S45: 170 | T45: 120 | U45: 25 | V45: 8
A46: =[1]取镜!C46 -> 石家庄人民眼科 | B46: =[1]取镜!D46 -> 0 | C46: =[1]取镜!E46 -> 0 | D46: =[1]取镜!F46 -> 0 | E46: SJZ-GS-022 | F46: C | G46: 左眼 | H46: 1 | I46: 1 | J46: -2.375 | K46: -1.25 | L46: -2.5 | M46: 180 | N46: -2.5 | O46: =N46-J46 -> -0.125 | P46: 24.98 | Q46: 24.97 | R46: -0.01 | S46: 170 | T46: 120 | U46: 25 | V46: 24
... A50: =[1]取镜!C50 -> 石家庄人民眼科 | B50: =[1]取镜!D50 -> 0 | C50: =[1]取镜!E50 -> 0 | D50: =[1]取镜!F50 -> 0 | E50: SJZ-GS-024 | F50: B | G50: 左眼 | H50: 1 | I50: 1 | J50: -4.125 | K50: -4 | L50: -1 | M50: 170 | N50: -4.5 | O50: =N50-J50 -> -0.375 | P50: 26.16 | Q50: 26.28 | R50: 0.12 | S50: 170 | T50: 170 | U50: 45 | V50: 35
A51: =[1]取镜!C55 -> 石家庄人民眼科 | B51: =[1]取镜!D55 -> 侯轶婷 | C51: =[1]取镜!E55 -> 女 | D51: =[1]取镜!F55 -> 42583 | E51: SJZ-GS-027 | F51: A | G51: 右眼 | H51: 1 | I51: 1 | J51: -0.875 | K51: -0.75 | L51: 0 | M51: 0 | N51: -0.75 | O51: =N51-J51 -> 0.125 | P51: 24.49 | Q51: 24.52 | R51: 0.03 | S51: 170 | T51: 170 | U51: 80 | V51: 24
A52: =[1]取镜!C56 -> 石家庄人民眼科 | B52: =[1]取镜!D56 -> 0 | C52: =[1]取镜!E56 -> 0 | D52: =[1]取镜!F56 -> 0 | E52: SJZ-GS-027 | F52: A | G52: 左眼 | H52: 1 | I52: 1 | J52: -1.125 | K52: -1 | L52: -0.25 | M52: 5 | N52: -1.125 | O52: =N52-J52 -> 0 | P52: 24.66 | Q52: 24.71 | R52: 0.05 | S52: 170 | T52: 170 | U52: 80 | V52: 35
A53: =[1]取镜!C57 -> 石家庄人民眼科 | B53: =[1]取镜!D57 -> 牛建岳 | C53: =[1]取镜!E57 -> 男 | D53: =[1]取镜!F57 -> 41709 | E53: SJZ-GS-028 | F53: D | G53: 右眼 | H53: 1 | I53: 1 | J53: -0.5 | K53: 0.25 | L53: -0.75 | M53: 175 | N53: -0.125 | O53: =N53-J53 -> 0.375 | P53: 23.12 | Q53: 23.13 | R53: 0.01 | S53: 170 | T53: 170 | U53: 120 | V53: 0
A54: =[1]取镜!C58 -> 石家庄人民眼科 | B54: =[1]取镜!D58 -> 0 | C54: =[1]取镜!E58 -> 0 | D54: =[1]取镜!F58 -> 0 | E54: SJZ-GS-028 | F54: D | G54: 左眼 | H54: 1 | I54: 1 | J54: -1.25 | K54: -0.75 | L54: -0.5 | M54: 170 | N54: -1 | O54: =N54-J54 -> 0.25 | P54: 23.58 | Q54: 23.59 | R54: 0.01 | S54: 170 | T54: 170 | U54: 120 | V54: oo
A55: =[1]取镜!C61 -> 石家庄人民眼科 | B55: =[1]取镜!D61 -> 张舒淼 | C55: =[1]取镜!E61 -> 女 | D55: =[1]取镜!F61 -> 41915 | E55: SJZ-GS-030 | F55: A | G55: 右眼 | H55: 1 | I55: 1 | J55: -3.125 | K55: -3 | L55: -1 | M55: 170 | N55: -3.5 | O55: =N55-J55 -> -0.375 | Q55: 25.21 | S55: 170 | T55: 170 | U55: 120 | V55: 45
A56: =[1]取镜!C62 -> 石家庄人民眼科 | B56: =[1]取镜!D62 -> 0 | C56: =[1]取镜!E62 -> 0 | D56: =[1]取镜!F62 -> 0 | E56: SJZ-GS-030 | F56: A | G56: 左眼 | H56: 1 | I56: 1 | J56: -3.125 | K56: -3.5 | L56: -0.5 | M56: 175 | N56: -3.75 | O56: =N56-J56 -> -0.625 | Q56: 25.23 | S56: 170 | T56: 170 | U56: 80 | V56: 35
A57: =[1]取镜!C63 -> 石家庄人民眼科 | B57: =[1]取镜!D63 -> 殷润楚 | C57: =[1]取镜!E63 -> 男 | D57: =[1]取镜!F63 -> 42256 | E57: SJZ-GS-032 | F57: D | G57: 右眼 | H57: 1 | I57: 1 | J57: -2 | K57: -2 | L57: 0 | M57: 0 | N57: -2 | O57: =N57-J57 -> 0 | Q57: 24.1 | S57: 170 | T57: 170 | U57: 120 | V57: 35
A58: =[1]取镜!C64 -> 石家庄人民眼科 | B58: =[1]取镜!D64 -> 0 | C58: =[1]取镜!E64 -> 0 | D58: =[1]取镜!F64 -> 0 | E58: SJZ-GS-032 | F58: D | G58: 左眼 | H58: 1 | I58: 1 | J58: -1.75 | K58: -2.25 | L58: 0 | M58: 0 | N58: -2.25 | O58: =N58-J58 -> -0.5 | Q58: 24.14 | S58: 170 | T58: 170 | U58: 120 | V58: 8
A59: =[1]取镜!C65 -> 石家庄人民眼科 | B59: =[1]取镜!D65 -> 高玮杰 | C59: =[1]取镜!E65 -> 男 | D59: =[1]取镜!F65 -> 42044 | E59: SJZ-GS-033 | F59: A | G59: 右眼 | H59: 1 | I59: 1 | J59: -1.625 | K59: -1.75 | L59: -0.75 | M59: 160 | N59: -2.125 | O59: =N59-J59 -> -0.5 | P59: 24.44 | Q59: 24.68 | R59: 0.24 | S59: 170 | T59: 170 | U59: 60 | V59: 8
A60: =[1]取镜!C66 -> 石家庄人民眼科 | B60: =[1]取镜!D66 -> 0 | C60: =[1]取镜!E66 -> 0 | D60: =[1]取镜!F66 -> 0 | E60: SJZ-GS-033 | F60: A | G60: 左眼 | H60: 1 | I60: 1 | J60: -1.625 | K60: -1.5 | L60: -0.75 | M60: 180 | N60: -1.875 | O60: =N60-J60 -> -0.25 | P60: 24.37 | Q60: 24.6 | R60: 0.23 | S60: 170 | T60: 170 | U60: 60 | V60: 6
A61: =[1]取镜!C67 -> 石家庄人民眼科 | B61: =[1]取镜!D67 -> 庞凯文 | C61: =[1]取镜!E67 -> 女 | D61: =[1]取镜!F67 -> 42084 | E61: SJZ-GS-034 | F61: A | G61: 右眼 | H61: 1 | I61: 1 | J61: -2 | K61: -2 | L61: 0 | M61: 0 | N61: -2 | O61: =N61-J61 -> 0 | P61: 23.57 | Q61: 23.45 | R61: -0.12 | S61: 170 | T61: 170 | U61: 80 | V61: 45
A62: =[1]取镜!C68 -> 石家庄人民眼科 | B62: =[1]取镜!D68 -> 0 | C62: =[1]取镜!E68 -> 0 | D62: =[1]取镜!F68 -> 0 | E62: SJZ-GS-034 | F62: A | G62: 左眼 | H62: 1 | I62: 1 | J62: -1.75 | K62: -1.5 | L62: -0.5 | M62: 175 | N62: -1.75 | O62: =N62-J62 -> 0 | P62: 23.38 | Q62: 23.27 | R62: -0.11 | S62: 170 | T62: 80 | U62: 25 | V62: 8
A63: =[1]取镜!C69 -> 石家庄人民眼科 | B63: =[1]取镜!D69 -> 梁颢严 | C63: =[1]取镜!E69 -> 男 | D63: =[1]取镜!F69 -> 41533 | E63: SJZ-GS-035 | F63: B | G63: 右眼 | H63: 1 | I63: 1 | J63: -1.75 | K63: -1.75 | L63: 0 | M63: 0 | N63: -1.75 | O63: =N63-J63 -> 0 | P63: 23.92 | Q63: 23.92 | R63: 0 | S63: 170 | T63: 170 | U63: 80 | V63: 35
A64: =[1]取镜!C70 -> 石家庄人民眼科 | B64: =[1]取镜!D70 -> 0 | C64: =[1]取镜!E70 -> 0 | D64: =[1]取镜!F70 -> 0 | E64: SJZ-GS-035 | F64: B | G64: 左眼 | H64: 1 | I64: 1 | J64: -1.75 | K64: -1.75 | L64: 0 | M64: 0 | N64: -1.75 | O64: =N64-J64 -> 0 | P64: 23.89 | Q64: 23.91 | R64: 0.02 | S64: 170 | T64: 170 | U64: 120 | V64: 8
A65: =[1]取镜!C71 -> 石家庄人民眼科 | B65: =[1]取镜!D71 -> 王梓乐 | C65: =[1]取镜!E71 -> 男 | D65: =[1]取镜!F71 -> 42827 | E65: SJZ-GS-036 | F65: B | G65: 右眼 | H65: 1 | I65: 1 | J65: -1 | K65: -0.75 | L65: -0.5 | M65: 5 | N65: -1 | O65: =N65-J65 -> 0 | P65: 24.34 | Q65: 24.51 | R65: 0.17 | S65: 170 | T65: 170 | U65: 120 | V65: 35
A66: =[1]取镜!C72 -> 石家庄人民眼科 | B66: =[1]取镜!D72 -> 0 | C66: =[1]取镜!E72 -> 0 | D66: =[1]取镜!F72 -> 0 | E66: SJZ-GS-036 | F66: B | G66: 左眼 | H66: 1 | I66: 1 | J66: -1.375 | K66: -1.25 | L66: 0 | M66: 0 | N66: -1.25 | O66: =N66-J66 -> 0.125 | P66: 24.57 | Q66: 24.64 | R66: 0.07 | S66: 170 | T66: 170 | U66: 120 | V66: 8
A67: =[1]取镜!C73 -> 石家庄人民眼科 | B67: =[1]取镜!D73 -> 赵芊羽 | C67: =[1]取镜!E73 -> 女 | D67: =[1]取镜!F73 -> 41932 | E67: SJZ-GS-037 | F67: B | G67: 右眼 | H67: 1 | I67: 1 | J67: -2.125 | K67: -1.25 | L67: -1.5 | M67: 180 | N67: -2 | O67: =N67-J67 -> 0.125 | P67: 23.29 | Q67: 23.4 | R67: 0.11 | S67: 170 | T67: 170 | U67: 120 | V67: 8
A68: =[1]取镜!C74 -> 石家庄人民眼科 | B68: =[1]取镜!D74 -> 0 | C68: =[1]取镜!E74 -> 0 | D68: =[1]取镜!F74 -> 0 | E68: SJZ-GS-037 | F68: B | G68: 左眼 | H68: 1 | I68: 1 | J68: -1.625 | K68: -0.5 | L68: -1.5 | M68: 175 | N68: -1.25 | O68: =N68-J68 -> 0.375 | P68: 23.09 | Q68: 23.18 | R68: 0.09 | S68: 170 | T68: 170 | U68: 35 | V68: 3
A69: =[1]取镜!C77 -> 石家庄人民眼科 | B69: =[1]取镜!D77 -> 单彬哲 | C69: =[1]取镜!E77 -> 男 | D69: =[1]取镜!F77 -> 2019.1.20 | E69: SJZ-GS-039 | F69: D | G69: 右眼 | H69: 1 | I69: 1 | J69: -2.375 | K69: -2.25 | L69: 0 | M69: 0 | N69: -2.25 | O69: =N69-J69 -> 0.125 | P69: 23.28 | Q69: 23.57 | R69: 0.29 | S69: 170 | T69: 170 | U69: 60 | V69: 24
A70: =[1]取镜!C78 -> 石家庄人民眼科 | B70: =[1]取镜!D78 -> 0 | C70: =[1]取镜!E78 -> 0 | D70: =[1]取镜!F78 -> 0 | E70: SJZ-GS-039 | F70: D | G70: 左眼 | H70: 1 | I70: 1 | J70: -1.5 | K70: -1.25 | L70: -1 | M70: 0 | N70: -1.75 | O70: =N70-J70 -> -0.25 | P70: 22.94 | Q70: 23.16 | R70: 0.22 | S70: 170 | T70: 170 | U70: 60 | V70: 8
A71: =[1]取镜!C79 -> 石家庄人民眼科 | B71: =[1]取镜!D79 -> 全桓欣 | C71: =[1]取镜!E79 -> 女 | D71: =[1]取镜!F79 -> 41184 | E71: SJZ-GS-040 | F71: D | G71: 右眼 | H71: 1 | I71: 1 | J71: -3.25 | K71: -2.75 | L71: -1.75 | M71: 175 | N71: -3.625 | O71: =N71-J71 -> -0.375 | P71: 24.83 | Q71: 24.93 | R71: 0.1 | S71: 170 | T71: 170 | U71: 80 | V71: 6
A72: =[1]取镜!C80 -> 石家庄人民眼科 | B72: =[1]取镜!D80 -> 0 | C72: =[1]取镜!E80 -> 0 | D72: =[1]取镜!F80 -> 0 | E72: SJZ-GS-040 | F72: D | G72: 左眼 | H72: 1 | I72: 1 | J72: -2.5 | K72: -2.25 | L72: -1.5 | M72: 175 | N72: -3 | O72: =N72-J72 -> -0.5 | P72: 24.52 | Q72: 24.59 | R72: 0.07 | S72: 170 | T72: 170 | U72: 60 | V72: 4
A73: =[1]取镜!C81 -> 石家庄人民眼科 | B73: =[1]取镜!D81 -> 宋佳乐 | C73: =[1]取镜!E81 -> 女 | D73: =[1]取镜!F81 -> 41432 | E73: SJZ-GS-041 | F73: B | G73: 右眼 | H73: 1 | I73: 1 | J73: -1.5 | K73: -1.5 | L73: -0.5 | M73: 180 | N73: -1.75 | O73: =N73-J73 -> -0.25 | P73: 23.7 | Q73: 23.9 | R73: 0.2 | S73: 170 | T73: 120 | U73: 80 | V73: 8
A74: =[1]取镜!C82 -> 石家庄人民眼科 | B74: =[1]取镜!D82 -> 0 | C74: =[1]取镜!E82 -> 0 | D74: =[1]取镜!F82 -> 0 | E74: SJZ-GS-041 | F74: B | G74: 左眼 | H74: 1 | I74: 1 | J74: -1.75 | K74: -1.5 | L74: -0.5 | M74: 180 | N74: -1.75 | O74: =N74-J74 -> 0 | P74: 23.86 | Q74: 24 | R74: 0.14 | S74: 170 | T74: 120 | U74: 80 | V74: 45
A75: =[1]取镜!C83 -> 石家庄人民眼科 | B75: =[1]取镜!D83 -> 王清悦 | C75: =[1]取镜!E83 -> 女 | D75: =[1]取镜!F83 -> 40945 | E75: SJZ-GS-042 | F75: C | G75: 右眼 | H75: 1 | I75: 1 | J75: -0.75 | K75: -0.75 | L75: 0 | M75: 0 | N75: -0.75 | O75: =N75-J75 -> 0 | P75: 24.89 | Q75: 24.83 | R75: -0.06 | S75: 170 | T75: 170 | U75: 80 | V75: 45
A76: =[1]取镜!C84 -> 石家庄人民眼科 | B76: =[1]取镜!D84 -> 0 | C76: =[1]取镜!E84 -> 0 | D76: =[1]取镜!F84 -> 0 | E76: SJZ-GS-042 | F76: C | G76: 左眼 | H76: 1 | I76: 1 | J76: -1 | K76: -1 | L76: 0 | M76: 0 | N76: -1 | O76: =N76-J76 -> 0 | P76: 25.1 | Q76: 25.2 | R76: 0.1 | S76: 170 | T76: 170 | U76: 80 | V76: 45
A77: =[1]取镜!C85 -> 石家庄人民眼科 | B77: =[1]取镜!D85 -> 胡仕龙 | C77: =[1]取镜!E85 -> 男 | D77: =[1]取镜!F85 -> 42013 | E77: SJZ-GS-043 | F77: B | G77: 右眼 | H77: 1 | I77: 1 | J77: -2 | K77: -1.75 | L77: -0.75 | M77: 170 | N77: -2.125 | O77: =N77-J77 -> -0.125 | P77: 23.28 | Q77: 23.18 | R77: -0.1 | S77: 170 | T77: 170 | U77: 45 | V77: 65
A78: =[1]取镜!C86 -> 石家庄人民眼科 | B78: =[1]取镜!D86 -> 0 | C78: =[1]取镜!E86 -> 0 | D78: =[1]取镜!F86 -> 0 | E78: SJZ-GS-043 | F78: B | G78: 左眼 | H78: 1 | I78: 1 | J78: -2.125 | K78: -1.25 | L78: -1.5 | M78: 175 | N78: -2 | O78: =N78-J78 -> 0.125 | P78: 23.33 | Q78: 23.13 | R78: -0.2 | S78: 170 | T78: 170 | U78: 60 | V78: 24
A79: =[1]取镜!C87 -> 石家庄人民眼科 | B79: =[1]取镜!D87 -> 刘嘉恩 | C79: =[1]取镜!E87 -> 女 | D79: =[1]取镜!F87 -> 42787 | E79: SJZ-GS-044 | F79: C | G79: 右眼 | H79: 1 | I79: 1 | J79: -1.125 | K79: -1.5 | L79: -0.75 | M79: 5 | N79: -1.875 | O79: =N79-J79 -> -0.75 | P79: 24.72 | Q79: 24.9 | R79: 0.18 | S79: 170 | T79: 170 | U79: 120 | V79: 15
A80: =[1]取镜!C88 -> 石家庄人民眼科 | B80: =[1]取镜!D88 -> 0 | C80: =[1]取镜!E88 -> 0 | D80: =[1]取镜!F88 -> 0 | E80: SJZ-GS-044 | F80: C | G80: 左眼 | H80: 1 | I80: 1 | J80: -1.75 | K80: -1 | L80: -1.25 | M80: 175 | N80: -1.625 | O80: =N80-J80 -> 0.125 | P80: 24.64 | Q80: 24.66 | R80: 0.02 | S80: 170 | T80: 170 | U80: 120 | V80: 6
A81: =[1]取镜!C89 -> 石家庄人民眼科 | B81: =[1]取镜!D89 -> 陈思丞 | C81: =[1]取镜!E89 -> 男 | D81: =[1]取镜!F89 -> 41618 | E81: SJZ-GS-045 | F81: C | G81: 右眼 | H81: 1 | I81: 1 | J81: -1.875 | K81: -1.25 | L81: -0.75 | M81: 170 | N81: -1.625 | O81: =N81-J81 -> 0.25 | P81: 24 | Q81: 24.04 | R81: 0.04
A82: =[1]取镜!C90 -> 石家庄人民眼科 | B82: =[1]取镜!D90 -> 0 | C82: =[1]取镜!E90 -> 0 | D82: =[1]取镜!F90 -> 0 | E82: SJZ-GS-045 | F82: C | G82: 左眼 | H82: 1 | I82: 1 | J82: -2.375 | K82: -1.75 | L82: -0.75 | M82: 180 | N82: -2.125 | O82: =N82-J82 -> 0.25 | P82: 24.25 | Q82: 24.32 | R82: 0.07
A83: =[1]取镜!C91 -> 石家庄人民眼科 | B83: =[1]取镜!D91 -> 任腾悦 | C83: =[1]取镜!E91 -> 男 | D83: =[1]取镜!F91 -> 43301 | E83: SJZ-GS-046 | F83: A | G83: 右眼 | H83: 1 | I83: 1 | J83: -0.5 | K83: -0.5 | L83: -0.5 | M83: 180 | N83: -0.75 | O83: =N83-J83 -> -0.25 | P83: 23.4 | Q83: 23.4 | R83: 0 | S83: 170 | T83: 120 | U83: 45 | V83: 6
A84: =[1]取镜!C92 -> 石家庄人民眼科 | B84: =[1]取镜!D92 -> 0 | C84: =[1]取镜!E92 -> 0 | D84: =[1]取镜!F92 -> 0 | E84: SJZ-GS-046 | F84: A | G84: 左眼 | H84: 1 | I84: 1 | J84: -0.25 | K84: -0.5 | L84: 0 | M84: 0 | N84: -0.5 | O84: =N84-J84 -> -0.25 | P84: 23.28 | Q84: 23.29 | R84: 0.01 | S84: 170 | T84: 80 | U84: 45 | V84: 6
A85: =[1]取镜!C93 -> 石家庄人民眼科 | B85: =[1]取镜!D93 -> 喻子昂 | C85: =[1]取镜!E93 -> 男 | D85: =[1]取镜!F93 -> 41263 | E85: SJZ-GS-048 | F85: A | G85: 右眼 | H85: 1 | I85: 1 | J85: -1.25 | K85: -1 | L85: -0.5 | M85: 160 | N85: -1.25 | O85: =N85-J85 -> 0 | P85: 24.92 | Q85: 24.89 | R85: -0.03 | S85: 170 | T85: 170 | U85: 120 | V85: 45
A86: =[1]取镜!C94 -> 石家庄人民眼科 | B86: =[1]取镜!D94 -> 0 | C86: =[1]取镜!E94 -> 0 | D86: =[1]取镜!F94 -> 0 | E86: SJZ-GS-048 | F86: A | G86: 左眼 | H86: 1 | I86: 1 | J86: -1.625 | K86: -1.5 | L86: 0 | M86: 0 | N86: -1.5 | O86: =N86-J86 -> 0.125 | P86: 24.86 | Q86: 24.77 | R86: -0.09 | S86: 170 | T86: 170 | U86: 120 | V86: 65
A87: =[1]取镜!C95 -> 石家庄人民眼科 | B87: =[1]取镜!D95 -> 王佳琦 | C87: =[1]取镜!E95 -> 女 | D87: =[1]取镜!F95 -> 42453 | E87: SJZ-GS-049 | F87: A | G87: 右眼 | H87: 1 | I87: 1 | J87: -1 | K87: -0.75 | L87: -0.5 | M87: 175 | N87: -1 | O87: =N87-J87 -> 0 | P87: 23.02 | Q87: 23.19 | R87: 0.17 | S87: 170 | T87: 170 | U87: 80 | V87: 24
A88: =[1]取镜!C96 -> 石家庄人民眼科 | B88: =[1]取镜!D96 -> 0 | C88: =[1]取镜!E96 -> 0 | D88: =[1]取镜!F96 -> 0 | E88: SJZ-GS-049 | F88: A | G88: 左眼 | H88: 1 | I88: 1 | J88: -0.875 | K88: -0.5 | L88: -0.75 | M88: 170 | N88: -0.875 | O88: =N88-J88 -> 0 | P88: 22.95 | Q88: 23.02 | R88: 0.07 | S88: 170 | T88: 170 | U88: 60 | V88: 24
A89: =[1]取镜!C97 -> 石家庄人民眼科 | B89: =[1]取镜!D97 -> 苏策勋 | C89: =[1]取镜!E97 -> 男 | D89: =[1]取镜!F97 -> 42621 | E89: SJZ-GS-050 | F89: B | G89: 右眼 | H89: 1 | I89: 1 | J89: -1.5 | K89: -1.5 | L89: -0.75 | M89: 175 | N89: -1.875 | O89: =N89-J89 -> -0.375 | P89: 23.29 | Q89: 23.44 | R89: 0.15 | S89: 170 | T89: 170 | U89: 45 | V89: 6
A90: =[1]取镜!C98 -> 石家庄人民眼科 | B90: =[1]取镜!D98 -> 0 | C90: =[1]取镜!E98 -> 0 | D90: =[1]取镜!F98 -> 0 | E90: SJZ-GS-050 | F90: B | G90: 左眼 | H90: 1 | I90: 1 | J90: -1.5 | K90: -1.25 | L90: -0.75 | M90: 175 | N90: -1.625 | O90: =N90-J90 -> -0.125 | P90: 23.26 | Q90: 23.36 | R90: 0.1 | S90: 170 | T90: 170 | U90: 45 | V90: 6
A91: =[1]取镜!C99 -> 石家庄人民眼科 | B91: =[1]取镜!D99 -> 刘李慕 | C91: =[1]取镜!E99 -> 男 | D91: =[1]取镜!F99 -> 41977 | E91: SJZ-GS-051 | F91: D | G91: 右眼 | H91: 1 | I91: 1 | J91: -1.5 | K91: -1.5 | L91: -0.75 | M91: 175 | N91: -1.875 | O91: =N91-J91 -> -0.375 | P91: 23.87 | Q91: 24.02 | R91: 0.15
A92: =[1]取镜!C100 -> 石家庄人民眼科 | B92: =[1]取镜!D100 -> 0 | C92: =[1]取镜!E100 -> 0 | D92: =[1]取镜!F100 -> 0 | E92: SJZ-GS-051 | F92: D | G92: 左眼 | H92: 1 | I92: 1 | J92: -2.25 | K92: -2 | L92: -1 | M92: 10 | N92: -2.5 | O92: =N92-J92 -> -0.25 | P92: 24.12 | Q92: 24.49 | R92: 0.37
A93: =[1]取镜!C101 -> 北京 | B93: =[1]取镜!D101 -> 马艺潇 | C93: =[1]取镜!E101 -> 女 | D93: =[1]取镜!F101 -> 40944 | E93: BJ-GS-052 | F93: A | G93: 右眼 | H93: 1 | I93: 1.0- | J93: -1 | K93: -1.5 | L93: -0.5 | M93: 100 | N93: -1.75 | O93: =N93-J93 -> -0.75 | P93: 24.25 | Q93: 24.52 | R93: 0.27
A94: =[1]取镜!C102 -> 北京 | B94: =[1]取镜!D102 -> 0 | C94: =[1]取镜!E102 -> 0 | D94: =[1]取镜!F102 -> 0 | E94: BJ-GS-052 | F94: A | G94: 左眼 | H94: 1.0- | I94: 1 | J94: -0.75 | K94: -1.5 | L94: -0.25 | M94: 125 | N94: -1.625 | O94: =N94-J94 -> -0.875 | P94: 24.33 | Q94: 24.6 | R94: 0.27
A95: =[1]取镜!C103 -> 石家庄人民眼科 | B95: =[1]取镜!D103 -> 杨思霖 | C95: =[1]取镜!E103 -> 男 | D95: =[1]取镜!F103 -> 42329 | E95: SJZ-GS-053 | F95: C | G95: 右眼 | H95: 1 | I95: 1 | J95: -0.75 | K95: -1 | L95: -0.25 | M95: 5 | N95: -1.125 | O95: =N95-J95 -> -0.375 | P95: 24.57 | Q95: 24.69 | R95: 0.12 | S95: 170 | T95: 170 | U95: 35 | V95: 6
A96: =[1]取镜!C104 -> 石家庄人民眼科 | B96: =[1]取镜!D104 -> 0 | C96: =[1]取镜!E104 -> 0 | D96: =[1]取镜!F104 -> 0 | E96: SJZ-GS-053 | F96: C | G96: 左眼 | H96: 1 | I96: 1 | J96: -1.125 | K96: -1 | L96: -0.75 | M96: 175 | N96: -1.375 | O96: =N96-J96 -> -0.25 | P96: 24.7 | Q96: 24.8 | R96: 0.1 | S96: 170 | T96: 170 | U96: 9 | V96: 0
A97: =[1]取镜!C105 -> 石家庄人民眼科 | B97: =[1]取镜!D105 -> 韩欣怡 | C97: =[1]取镜!E105 -> 女 | D97: =[1]取镜!F105 -> 41941 | E97: SJZ-GS-054 | F97: D | G97: 右眼 | H97: 1 | I97: 1 | J97: -1.875 | K97: -1.5 | L97: 0 | M97: 0 | N97: -1.5 | O97: =N97-J97 -> 0.375 | P97: 25.35 | Q97: 25.28 | R97: -0.07 | S97: 170 | T97: 170 | U97: 80 | V97: 6
A98: =[1]取镜!C106 -> 石家庄人民眼科 | B98: =[1]取镜!D106 -> 0 | C98: =[1]取镜!E106 -> 0 | D98: =[1]取镜!F106 -> 0 | E98: SJZ-GS-054 | F98: D | G98: 左眼 | H98: 1 | I98: 1 | J98: -2 | K98: -1.75 | L98: 0 | M98: 0 | N98: -1.75 | O98: =N98-J98 -> 0.25 | P98: 25.54 | Q98: 25.53 | R98: -0.01 | S98: 170 | T98: 170 | U98: 80 | V98: 6
A99: =[1]取镜!C107 -> 石家庄人民眼科 | B99: =[1]取镜!D107 -> 张延赫 | C99: =[1]取镜!E107 -> 男 | D99: =[1]取镜!F107 -> 42265 | E99: SJZ-GS-055 | F99: D | G99: 右眼 | H99: 1 | I99: 1 | J99: -1 | K99: -1.75 | L99: 0 | M99: 0 | N99: -1.75 | O99: =N99-J99 -> -0.75 | P99: 24.2 | Q99: 24.5 | R99: 0.3 | S99: 170 | T99: 170 | U99: 35 | V99: 8
A100: =[1]取镜!C108 -> 石家庄人民眼科 | B100: =[1]取镜!D108 -> 0 | C100: =[1]取镜!E108 -> 0 | D100: =[1]取镜!F108 -> 0 | E100: SJZ-GS-055 | F100: D | G100: 左眼 | H100: 1 | I100: 1 | J100: -0.75 | K100: -1.5 | L100: -0.5 | M100: 160 | N100: -1.75 | O100: =N100-J100 -> -1 | P100: 23.93 | Q100: 24.18 | R100: 0.25 | S100: 170 | T100: 170 | U100: 60 | V100: 4
A101: =[1]取镜!C109 -> 石家庄人民眼科 | B101: =[1]取镜!D109 -> 李润昊 | C101: =[1]取镜!E109 -> 男 | D101: =[1]取镜!F109 -> 42319 | E101: SJZ-GS-056 | F101: C | G101: 右眼 | H101: 1 | I101: 1 | J101: -2.25 | K101: -1.5 | L101: -1 | M101: 10 | N101: -2 | O101: =N101-J101 -> 0.25 | P101: 25.89 | Q101: 25.97 | R101: 0.08 | S101: 170 | T101: 170 | U101: 35 | V101: 15
A102: =[1]取镜!C110 -> 石家庄人民眼科 | B102: =[1]取镜!D110 -> 0 | C102: =[1]取镜!E110 -> 0 | D102: =[1]取镜!F110 -> 0 | E102: SJZ-GS-056 | F102: C | G102: 左眼 | H102: 1 | I102: 1 | J102: -2.75 | K102: -2.5 | L102: -0.25 | M102: 165 | N102: -2.625 | O102: =N102-J102 -> 0.125 | P102: 26.2 | Q102: 26.2 | R102: 0 | S102: 170 | T102: 170 | U102: 80 | V102: 8
A103: =[1]取镜!C111 -> 石家庄人民眼科 | B103: =[1]取镜!D111 -> 李墨涵 | C103: =[1]取镜!E111 -> 男 | D103: =[1]取镜!F111 -> 41130 | E103: SJZ-GS-057 | F103: A | G103: 右眼 | H103: 1 | I103: 1 | J103: -1.5 | K103: -1.75 | L103: 0 | M103: 0 | N103: -1.75 | O103: =N103-J103 -> -0.25 | P103: 24.25 | Q103: 24.32 | R103: 0.07 | S103: 170 | T103: 170 | U103: 80 | V103: 6
...
